{
    "dev": {
        "driver": "pg",
        "host": "127.0.0.1",
        "database": "udacity_store_front",
        "user": "udacity_user",
        "password": "password"
    },
    "test": {
        "driver": "pg",
        "host": "127.0.0.1",
        "database": "udacity_store_front_test",
        "user": "udacity_user",
        "password": "password"
    },
    "init": {
        "driver": "pg",
        "host": "127.0.0.1",
        "user": "udacity_user",
        "password": "password"
    }
}